Prob_Class_0,Prob_Class_1,Prob_Class_2,Client ID,True_Label,Vulnerability_Score,Original Exit Destination
0.0,0.98,0.02,734308,1,0.98,
0.0,0.97,0.03,538169,1,0.97,
0.0,0.97,0.03,725757,1,0.97,
0.0,0.97,0.03,526230,1,0.97,
0.0,0.97,0.03,575911,1,0.97,
0.0,0.97,0.03,735603,1,0.97,
0.0,0.96,0.04,724636,1,0.96,
0.0,0.96,0.04,719353,1,0.96,
0.0,0.95,0.05,536189,1,0.95,
0.0,0.94,0.06,608017,1,0.94,
0.0,0.92,0.08,706631,1,0.92,
0.0,0.92,0.08,729226,1,0.92,
0.0,0.92,0.08,734823,1,0.92,
0.0,0.9,0.1,735224,1,0.9,
0.0,0.89,0.11,525301,1,0.89,
0.0,0.83,0.17,733211,1,0.83,
0.0,0.81,0.19,519689,1,0.81,
0.0,0.8,0.2,736230,1,0.8,
0.01,0.06,0.93,735189,2,0.06,
0.0,0.05,0.95,590875,2,0.05,
0.0,0.04,0.96,681052,2,0.04,
0.0,0.04,0.96,573192,2,0.04,
0.01,0.03,0.96,613513,2,0.03,
0.02,0.03,0.95,626389,2,0.03,
0.0,0.03,0.97,735012,2,0.03,
0.0,0.03,0.97,631523,2,0.03,
0.01,0.02,0.97,734735,2,0.02,
0.01,0.02,0.97,735112,2,0.02,
0.03,0.02,0.95,732498,2,0.02,
0.02,0.02,0.96,734903,2,0.02,
0.01,0.02,0.97,732128,2,0.02,
0.0,0.02,0.98,735787,2,0.02,
0.03,0.02,0.95,630395,2,0.02,
0.0,0.02,0.98,729686,2,0.02,
0.0,0.02,0.98,609635,2,0.02,
0.0,0.02,0.98,698351,2,0.02,
0.01,0.02,0.97,696563,2,0.02,
0.01,0.02,0.97,713344,2,0.02,
0.0,0.01,0.99,734853,2,0.01,
0.0,0.01,0.99,728963,2,0.01,
0.98,0.01,0.01,734859,0,0.01,
0.03,0.01,0.96,733271,2,0.01,
0.98,0.01,0.01,536892,0,0.01,
0.0,0.01,0.99,712625,2,0.01,
0.05,0.01,0.94,734650,2,0.01,
0.99,0.01,0.0,734288,0,0.01,
0.0,0.01,0.99,576409,2,0.01,
0.0,0.01,0.99,731930,2,0.01,
0.0,0.01,0.99,735106,2,0.01,
0.0,0.01,0.99,523390,2,0.01,
0.07,0.0,0.93,720576,2,0.0,
0.0,0.0,1.0,735504,2,0.0,
0.99,0.0,0.01,733962,0,0.0,
0.0,0.0,1.0,734124,2,0.0,
1.0,0.0,0.0,534032,0,0.0,
0.01,0.0,0.99,733403,2,0.0,
0.0,0.0,1.0,634988,2,0.0,
0.99,0.0,0.01,721193,0,0.0,
1.0,0.0,0.0,734567,0,0.0,
0.99,0.0,0.01,556449,0,0.0,
0.0,0.0,1.0,733175,2,0.0,
0.99,0.0,0.01,727796,0,0.0,
0.99,0.0,0.01,723482,0,0.0,
0.96,0.0,0.04,735572,0,0.0,
0.99,0.0,0.01,551293,0,0.0,
0.96,0.0,0.04,528505,0,0.0,
0.01,0.0,0.99,717798,2,0.0,
1.0,0.0,0.0,734806,0,0.0,
0.98,0.0,0.02,734714,0,0.0,
0.0,0.0,1.0,600273,2,0.0,
0.02,0.0,0.98,537256,2,0.0,
0.0,0.0,1.0,731008,2,0.0,
0.99,0.0,0.01,735780,0,0.0,
0.0,0.0,1.0,735461,2,0.0,
1.0,0.0,0.0,730805,0,0.0,
0.99,0.0,0.01,734803,0,0.0,
0.96,0.0,0.04,651255,0,0.0,
0.0,0.0,1.0,734918,2,0.0,
0.0,0.0,1.0,736345,2,0.0,
0.98,0.0,0.02,733857,0,0.0,
0.0,0.0,1.0,734818,2,0.0,
0.0,0.0,1.0,539322,2,0.0,
1.0,0.0,0.0,735591,0,0.0,
0.99,0.0,0.01,598617,0,0.0,
0.99,0.0,0.01,564754,0,0.0,
1.0,0.0,0.0,734274,0,0.0,
1.0,0.0,0.0,727744,0,0.0,
0.02,0.0,0.98,736088,2,0.0,
0.96,0.0,0.04,734921,0,0.0,
1.0,0.0,0.0,734907,0,0.0,
0.0,0.0,1.0,719761,2,0.0,
0.0,0.0,1.0,733635,2,0.0,
0.0,0.0,1.0,714794,2,0.0,
0.99,0.0,0.01,734538,0,0.0,
0.98,0.0,0.02,735433,0,0.0,
0.02,0.0,0.98,555524,2,0.0,
0.99,0.0,0.01,534273,0,0.0,
0.0,0.0,1.0,733247,2,0.0,
0.0,0.0,1.0,734745,2,0.0,
0.0,0.0,1.0,625443,2,0.0,
0.98,0.0,0.02,616206,0,0.0,
0.0,0.0,1.0,734540,2,0.0,
0.0,0.0,1.0,594753,2,0.0,
0.99,0.0,0.01,651389,0,0.0,
1.0,0.0,0.0,734759,0,0.0,
0.0,0.0,1.0,734258,2,0.0,
0.02,0.0,0.98,728943,2,0.0,
0.0,0.0,1.0,731626,2,0.0,
1.0,0.0,0.0,731493,0,0.0,
0.0,0.0,1.0,719888,2,0.0,
1.0,0.0,0.0,655200,0,0.0,
0.99,0.0,0.01,571145,0,0.0,
0.0,0.0,1.0,735383,2,0.0,
0.0,0.0,1.0,736229,2,0.0,
0.97,0.0,0.03,736067,0,0.0,
0.98,0.0,0.02,736082,0,0.0,
0.96,0.0,0.04,734733,0,0.0,
0.99,0.0,0.01,736203,0,0.0,
0.0,0.0,1.0,730787,2,0.0,
0.0,0.0,1.0,731180,2,0.0,
0.93,0.0,0.07,593994,0,0.0,
1.0,0.0,0.0,734057,0,0.0,
0.0,0.0,1.0,710426,2,0.0,
1.0,0.0,0.0,722069,0,0.0,
0.0,0.0,1.0,735222,2,0.0,
1.0,0.0,0.0,557840,0,0.0,
