Prob_Class_0,Prob_Class_1,Prob_Class_2,Client ID,True_Label,Vulnerability_Score
0.0,1.0,0.0,723008,1,1.0
0.0,1.0,0.0,681041,1,1.0
0.0,1.0,0.0,544579,1,1.0
0.0,1.0,0.0,522405,1,1.0
0.0,0.99,0.01,538630,1,0.99
0.0,0.99,0.01,722860,1,0.99
0.0,0.99,0.01,727826,1,0.99
0.0,0.99,0.01,563666,1,0.99
0.0,0.99,0.01,584046,1,0.99
0.0,0.99,0.01,531762,1,0.99
0.0,0.98,0.02,731420,1,0.98
0.0,0.98,0.02,726231,1,0.98
0.0,0.98,0.02,659564,1,0.98
0.0,0.98,0.02,732852,1,0.98
0.0,0.98,0.02,633270,1,0.98
0.0,0.98,0.02,711225,1,0.98
0.01,0.98,0.01,729942,1,0.98
0.0,0.98,0.02,719417,1,0.98
0.0,0.98,0.02,545218,1,0.98
0.0,0.98,0.02,707730,1,0.98
0.0,0.98,0.02,734308,1,0.98
0.0,0.98,0.02,705360,1,0.98
0.0,0.98,0.02,644699,1,0.98
0.0,0.98,0.02,726554,1,0.98
0.0,0.97,0.03,538169,1,0.97
0.0,0.97,0.03,725757,1,0.97
0.0,0.97,0.03,726693,1,0.97
0.0,0.97,0.03,671130,1,0.97
0.0,0.97,0.03,730572,1,0.97
0.0,0.97,0.03,526230,1,0.97
0.0,0.97,0.03,575911,1,0.97
0.0,0.97,0.03,733605,1,0.97
0.0,0.97,0.03,523373,1,0.97
0.0,0.97,0.03,735603,1,0.97
0.0,0.96,0.04,724636,1,0.96
0.0,0.96,0.04,549409,1,0.96
0.0,0.96,0.04,598855,1,0.96
0.0,0.96,0.04,732062,1,0.96
0.0,0.96,0.04,539566,1,0.96
0.0,0.96,0.04,719353,1,0.96
0.0,0.96,0.04,716657,1,0.96
0.0,0.96,0.04,622181,1,0.96
0.0,0.96,0.04,731360,1,0.96
0.0,0.96,0.04,726320,1,0.96
0.0,0.96,0.04,633771,1,0.96
0.0,0.96,0.04,720954,1,0.96
0.0,0.96,0.04,733993,1,0.96
0.0,0.95,0.05,730235,1,0.95
0.0,0.95,0.05,721007,1,0.95
0.0,0.95,0.05,731140,1,0.95
0.0,0.95,0.05,732941,1,0.95
0.01,0.95,0.04,716558,1,0.95
0.01,0.95,0.04,611912,1,0.95
0.0,0.95,0.05,522139,1,0.95
0.0,0.95,0.05,570180,1,0.95
0.0,0.95,0.05,536189,1,0.95
0.0,0.94,0.06,723193,1,0.94
0.0,0.94,0.06,726136,1,0.94
0.0,0.94,0.06,588966,1,0.94
0.0,0.94,0.06,727476,1,0.94
0.0,0.94,0.06,717839,1,0.94
0.0,0.94,0.06,608017,1,0.94
0.0,0.94,0.06,609962,1,0.94
0.0,0.94,0.06,519373,1,0.94
0.0,0.94,0.06,534618,1,0.94
0.0,0.94,0.06,527117,1,0.94
0.01,0.94,0.05,614875,1,0.94
0.0,0.94,0.06,723042,1,0.94
0.0,0.93,0.07,605642,1,0.93
0.0,0.93,0.07,728893,1,0.93
0.0,0.93,0.07,729911,1,0.93
0.0,0.92,0.08,706631,1,0.92
0.0,0.92,0.08,729226,1,0.92
0.0,0.92,0.08,734823,1,0.92
0.0,0.92,0.08,722856,1,0.92
0.0,0.92,0.08,589521,1,0.92
0.0,0.91,0.09,525324,1,0.91
0.0,0.91,0.09,721226,1,0.91
0.01,0.91,0.08,612676,1,0.91
0.0,0.91,0.09,731793,1,0.91
0.0,0.9,0.1,721767,1,0.9
0.0,0.9,0.1,565363,1,0.9
0.0,0.9,0.1,735224,1,0.9
0.0,0.9,0.1,729704,1,0.9
0.0,0.9,0.1,731391,1,0.9
0.0,0.89,0.11,525301,1,0.89
0.0,0.89,0.11,730661,1,0.89
0.0,0.87,0.13,713002,1,0.87
0.0,0.87,0.13,732038,1,0.87
0.0,0.85,0.15,576902,1,0.85
0.0,0.84,0.16,733547,1,0.84
0.0,0.83,0.17,733211,1,0.83
0.0,0.81,0.19,519689,1,0.81
0.0,0.8,0.2,736230,1,0.8
0.0,0.78,0.22,721640,1,0.78
0.02,0.53,0.45,710870,1,0.53
0.03,0.11,0.86,727497,2,0.11
0.01,0.1,0.89,556985,2,0.1
0.0,0.1,0.9,532456,2,0.1
0.01,0.1,0.89,723452,2,0.1
0.0,0.09,0.91,727452,2,0.09
0.03,0.09,0.88,730639,2,0.09
0.08,0.09,0.83,530404,2,0.09
0.03,0.08,0.89,626367,2,0.08
0.06,0.08,0.86,572930,2,0.08
0.01,0.07,0.92,732099,2,0.07
0.0,0.07,0.93,689424,2,0.07
0.0,0.07,0.93,602639,2,0.07
0.0,0.06,0.94,722853,2,0.06
0.0,0.06,0.94,541084,2,0.06
0.02,0.06,0.92,616726,2,0.06
0.01,0.06,0.93,735189,2,0.06
0.01,0.05,0.94,701448,2,0.05
0.0,0.05,0.95,546738,2,0.05
0.01,0.05,0.94,690653,2,0.05
0.0,0.05,0.95,723376,2,0.05
0.0,0.05,0.95,733755,2,0.05
0.0,0.05,0.95,590875,2,0.05
0.0,0.05,0.95,723015,2,0.05
0.0,0.05,0.95,733076,2,0.05
0.02,0.05,0.93,569882,2,0.05
0.02,0.05,0.93,730203,2,0.05
0.02,0.04,0.94,729513,2,0.04
0.0,0.04,0.96,716845,2,0.04
0.0,0.04,0.96,681052,2,0.04
0.0,0.04,0.96,608273,2,0.04
0.0,0.04,0.96,599476,2,0.04
0.0,0.04,0.96,721047,2,0.04
0.0,0.04,0.96,730635,2,0.04
0.0,0.04,0.96,571061,2,0.04
0.0,0.04,0.96,573192,2,0.04
0.01,0.04,0.95,606049,2,0.04
0.0,0.04,0.96,583266,2,0.04
0.0,0.04,0.96,541383,2,0.04
0.0,0.04,0.96,731653,2,0.04
0.0,0.04,0.96,733235,2,0.04
0.02,0.03,0.95,726840,2,0.03
0.0,0.03,0.97,721194,2,0.03
0.01,0.03,0.96,727329,2,0.03
0.0,0.03,0.97,654655,2,0.03
0.01,0.03,0.96,613513,2,0.03
0.0,0.03,0.97,530744,2,0.03
0.02,0.03,0.95,731801,2,0.03
0.02,0.03,0.95,626389,2,0.03
0.02,0.03,0.95,731333,2,0.03
0.0,0.03,0.97,735012,2,0.03
0.0,0.03,0.97,717588,2,0.03
0.0,0.03,0.97,608295,2,0.03
0.0,0.03,0.97,631523,2,0.03
0.01,0.03,0.96,719447,2,0.03
0.02,0.03,0.95,575800,2,0.03
0.0,0.03,0.97,559747,2,0.03
0.03,0.03,0.94,707619,2,0.03
0.01,0.03,0.96,608734,2,0.03
0.0,0.03,0.97,729586,2,0.03
0.01,0.03,0.96,723185,2,0.03
0.0,0.03,0.97,719557,2,0.03
0.0,0.03,0.97,725828,2,0.03
0.0,0.03,0.97,691978,2,0.03
0.0,0.03,0.97,729984,2,0.03
0.0,0.03,0.97,727071,2,0.03
0.0,0.03,0.97,717480,2,0.03
0.04,0.03,0.93,727215,2,0.03
0.0,0.03,0.97,720399,2,0.03
0.03,0.03,0.94,671725,2,0.03
0.0,0.03,0.97,710866,2,0.03
0.01,0.03,0.96,703612,2,0.03
0.01,0.02,0.97,734735,2,0.02
0.0,0.02,0.98,727734,2,0.02
0.01,0.02,0.97,719567,2,0.02
0.01,0.02,0.97,735112,2,0.02
0.01,0.02,0.97,644623,2,0.02
0.0,0.02,0.98,622098,2,0.02
0.0,0.02,0.98,615837,2,0.02
0.03,0.02,0.95,732498,2,0.02
0.0,0.02,0.98,725953,2,0.02
0.02,0.02,0.96,734903,2,0.02
0.0,0.02,0.98,730279,2,0.02
0.0,0.02,0.98,582882,2,0.02
0.08,0.02,0.9,630028,2,0.02
0.02,0.02,0.96,590574,2,0.02
0.08,0.02,0.9,730991,2,0.02
0.01,0.02,0.97,732937,2,0.02
0.0,0.02,0.98,724683,2,0.02
0.0,0.02,0.98,716513,2,0.02
0.0,0.02,0.98,725822,2,0.02
0.01,0.02,0.97,732128,2,0.02
0.0,0.02,0.98,735787,2,0.02
0.0,0.02,0.98,727782,2,0.02
0.98,0.02,0.0,726741,0,0.02
0.0,0.02,0.98,523189,2,0.02
0.0,0.02,0.98,729204,2,0.02
0.0,0.02,0.98,546837,2,0.02
0.03,0.02,0.95,630395,2,0.02
0.0,0.02,0.98,729686,2,0.02
0.0,0.02,0.98,720901,2,0.02
0.0,0.02,0.98,609635,2,0.02
0.04,0.02,0.94,633084,2,0.02
0.0,0.02,0.98,604001,2,0.02
0.01,0.02,0.97,530057,2,0.02
0.0,0.02,0.98,698351,2,0.02
0.0,0.02,0.98,656729,2,0.02
0.06,0.02,0.92,531927,2,0.02
0.01,0.02,0.97,696563,2,0.02
0.01,0.02,0.97,518239,2,0.02
0.01,0.02,0.97,713344,2,0.02
0.03,0.02,0.95,605982,2,0.02
0.0,0.01,0.99,734853,2,0.01
0.01,0.01,0.98,553416,2,0.01
0.0,0.01,0.99,713841,2,0.01
0.01,0.01,0.98,730717,2,0.01
0.0,0.01,0.99,725690,2,0.01
0.0,0.01,0.99,627234,2,0.01
0.01,0.01,0.98,610441,2,0.01
0.03,0.01,0.96,729755,2,0.01
0.96,0.01,0.03,529776,0,0.01
0.97,0.01,0.02,717677,0,0.01
0.02,0.01,0.97,726580,2,0.01
0.0,0.01,0.99,669654,2,0.01
0.0,0.01,0.99,720468,2,0.01
0.0,0.01,0.99,585301,2,0.01
0.0,0.01,0.99,721493,2,0.01
0.0,0.01,0.99,721408,2,0.01
0.05,0.01,0.94,731378,2,0.01
0.0,0.01,0.99,731214,2,0.01
0.0,0.01,0.99,714363,2,0.01
0.02,0.01,0.97,734108,2,0.01
0.0,0.01,0.99,719337,2,0.01
0.0,0.01,0.99,717858,2,0.01
0.0,0.01,0.99,632519,2,0.01
0.0,0.01,0.99,731196,2,0.01
0.0,0.01,0.99,714786,2,0.01
0.0,0.01,0.99,686661,2,0.01
0.01,0.01,0.98,731397,2,0.01
0.0,0.01,0.99,583656,2,0.01
0.01,0.01,0.98,567723,2,0.01
0.0,0.01,0.99,728963,2,0.01
0.98,0.01,0.01,609636,0,0.01
0.0,0.01,0.99,733299,2,0.01
0.98,0.01,0.01,734859,0,0.01
0.0,0.01,0.99,649649,2,0.01
0.03,0.01,0.96,733271,2,0.01
0.0,0.01,0.99,730915,2,0.01
0.01,0.01,0.98,695082,2,0.01
0.02,0.01,0.97,723237,2,0.01
0.98,0.01,0.01,536892,0,0.01
0.0,0.01,0.99,609899,2,0.01
0.05,0.01,0.94,727544,2,0.01
0.99,0.01,0.0,614901,0,0.01
0.04,0.01,0.95,730170,2,0.01
0.0,0.01,0.99,619574,2,0.01
0.0,0.01,0.99,533983,2,0.01
0.01,0.01,0.98,689893,2,0.01
0.03,0.01,0.96,718062,2,0.01
0.93,0.01,0.06,723532,0,0.01
0.0,0.01,0.99,712625,2,0.01
0.0,0.01,0.99,726384,2,0.01
0.03,0.01,0.96,726547,2,0.01
0.05,0.01,0.94,734650,2,0.01
0.04,0.01,0.95,688440,2,0.01
0.97,0.01,0.02,729263,0,0.01
0.14,0.01,0.85,525587,2,0.01
0.99,0.01,0.0,734288,0,0.01
0.0,0.01,0.99,729333,2,0.01
0.0,0.01,0.99,595973,2,0.01
0.98,0.01,0.01,726600,0,0.01
0.0,0.01,0.99,646908,2,0.01
0.0,0.01,0.99,703822,2,0.01
0.03,0.01,0.96,721155,2,0.01
0.0,0.01,0.99,548552,2,0.01
0.0,0.01,0.99,713960,2,0.01
0.02,0.01,0.97,705732,2,0.01
0.03,0.01,0.96,722301,2,0.01
0.0,0.01,0.99,733364,2,0.01
0.02,0.01,0.97,731226,2,0.01
0.0,0.01,0.99,576409,2,0.01
0.02,0.01,0.97,731246,2,0.01
0.02,0.01,0.97,725893,2,0.01
0.0,0.01,0.99,530494,2,0.01
0.0,0.01,0.99,731930,2,0.01
0.01,0.01,0.98,729718,2,0.01
0.01,0.01,0.98,597894,2,0.01
0.02,0.01,0.97,732859,2,0.01
0.01,0.01,0.98,552576,2,0.01
0.01,0.01,0.98,536234,2,0.01
0.0,0.01,0.99,735106,2,0.01
0.96,0.01,0.03,731588,0,0.01
0.0,0.01,0.99,726683,2,0.01
0.01,0.01,0.98,667587,2,0.01
0.0,0.01,0.99,523390,2,0.01
0.02,0.01,0.97,535723,2,0.01
0.0,0.01,0.99,726077,2,0.01
0.06,0.01,0.93,717708,2,0.01
0.93,0.01,0.06,723151,0,0.01
0.0,0.01,0.99,726929,2,0.01
0.04,0.01,0.95,716387,2,0.01
0.0,0.01,0.99,630267,2,0.01
0.06,0.01,0.93,723265,2,0.01
0.0,0.0,1.0,533898,2,0.0
0.01,0.0,0.99,707966,2,0.0
0.02,0.0,0.98,571792,2,0.0
0.0,0.0,1.0,734109,2,0.0
0.94,0.0,0.06,526235,0,0.0
0.99,0.0,0.01,526954,0,0.0
0.07,0.0,0.93,720576,2,0.0
0.1,0.0,0.9,567324,2,0.0
0.0,0.0,1.0,735504,2,0.0
0.0,0.0,1.0,711146,2,0.0
0.01,0.0,0.99,726266,2,0.0
0.99,0.0,0.01,733962,0,0.0
1.0,0.0,0.0,671190,0,0.0
0.0,0.0,1.0,734124,2,0.0
0.07,0.0,0.93,721814,2,0.0
1.0,0.0,0.0,534032,0,0.0
0.99,0.0,0.01,561902,0,0.0
1.0,0.0,0.0,729203,0,0.0
0.01,0.0,0.99,733403,2,0.0
0.99,0.0,0.01,713336,0,0.0
1.0,0.0,0.0,726565,0,0.0
0.99,0.0,0.01,717580,0,0.0
0.99,0.0,0.01,729996,0,0.0
0.0,0.0,1.0,663578,2,0.0
0.0,0.0,1.0,726071,2,0.0
1.0,0.0,0.0,734779,0,0.0
1.0,0.0,0.0,728905,0,0.0
1.0,0.0,0.0,727700,0,0.0
0.0,0.0,1.0,634988,2,0.0
0.04,0.0,0.96,722714,2,0.0
0.0,0.0,1.0,721748,2,0.0
1.0,0.0,0.0,733352,0,0.0
0.0,0.0,1.0,729129,2,0.0
0.0,0.0,1.0,720842,2,0.0
0.03,0.0,0.97,729448,2,0.0
0.99,0.0,0.01,715829,0,0.0
1.0,0.0,0.0,534830,0,0.0
0.99,0.0,0.01,721193,0,0.0
0.0,0.0,1.0,564318,2,0.0
0.0,0.0,1.0,732457,2,0.0
1.0,0.0,0.0,734567,0,0.0
0.0,0.0,1.0,644171,2,0.0
0.0,0.0,1.0,549678,2,0.0
0.97,0.0,0.03,587401,0,0.0
0.97,0.0,0.03,581289,0,0.0
0.01,0.0,0.99,528383,2,0.0
0.99,0.0,0.01,556449,0,0.0
0.97,0.0,0.03,680098,0,0.0
0.0,0.0,1.0,733291,2,0.0
0.0,0.0,1.0,606348,2,0.0
0.0,0.0,1.0,539588,2,0.0
0.0,0.0,1.0,731596,2,0.0
1.0,0.0,0.0,589636,0,0.0
0.03,0.0,0.97,723359,2,0.0
1.0,0.0,0.0,544150,0,0.0
1.0,0.0,0.0,728896,0,0.0
0.0,0.0,1.0,733272,2,0.0
0.0,0.0,1.0,721404,2,0.0
0.99,0.0,0.01,518815,0,0.0
0.01,0.0,0.99,721162,2,0.0
0.0,0.0,1.0,733175,2,0.0
0.0,0.0,1.0,726589,2,0.0
0.02,0.0,0.98,733787,2,0.0
0.94,0.0,0.06,697963,0,0.0
0.0,0.0,1.0,726165,2,0.0
0.99,0.0,0.01,727796,0,0.0
0.01,0.0,0.99,707547,2,0.0
0.0,0.0,1.0,669969,2,0.0
0.0,0.0,1.0,579790,2,0.0
0.96,0.0,0.04,689955,0,0.0
0.0,0.0,1.0,726485,2,0.0
0.0,0.0,1.0,729334,2,0.0
0.0,0.0,1.0,587420,2,0.0
0.99,0.0,0.01,723482,0,0.0
0.99,0.0,0.01,680236,0,0.0
1.0,0.0,0.0,630659,0,0.0
0.99,0.0,0.01,633950,0,0.0
0.01,0.0,0.99,592108,2,0.0
0.99,0.0,0.01,597804,0,0.0
0.99,0.0,0.01,734058,0,0.0
0.01,0.0,0.99,710248,2,0.0
1.0,0.0,0.0,730546,0,0.0
0.99,0.0,0.01,646960,0,0.0
0.0,0.0,1.0,708294,2,0.0
1.0,0.0,0.0,596363,0,0.0
0.0,0.0,1.0,731915,2,0.0
1.0,0.0,0.0,727810,0,0.0
0.96,0.0,0.04,735572,0,0.0
0.0,0.0,1.0,727286,2,0.0
1.0,0.0,0.0,733618,0,0.0
0.95,0.0,0.05,532735,0,0.0
0.0,0.0,1.0,729785,2,0.0
0.0,0.0,1.0,527535,2,0.0
0.99,0.0,0.01,731935,0,0.0
1.0,0.0,0.0,626565,0,0.0
0.01,0.0,0.99,697016,2,0.0
0.0,0.0,1.0,725846,2,0.0
0.94,0.0,0.06,644830,0,0.0
0.99,0.0,0.01,726750,0,0.0
1.0,0.0,0.0,613319,0,0.0
0.0,0.0,1.0,558107,2,0.0
0.92,0.0,0.08,734143,0,0.0
0.0,0.0,1.0,626569,2,0.0
1.0,0.0,0.0,531590,0,0.0
0.99,0.0,0.01,572862,0,0.0
1.0,0.0,0.0,723016,0,0.0
0.0,0.0,1.0,625631,2,0.0
0.01,0.0,0.99,627049,2,0.0
0.99,0.0,0.01,551293,0,0.0
0.96,0.0,0.04,528505,0,0.0
0.0,0.0,1.0,733065,2,0.0
0.99,0.0,0.01,735459,0,0.0
0.0,0.0,1.0,572772,2,0.0
1.0,0.0,0.0,721538,0,0.0
0.01,0.0,0.99,717798,2,0.0
0.0,0.0,1.0,729287,2,0.0
0.98,0.0,0.02,714603,0,0.0
1.0,0.0,0.0,734806,0,0.0
0.99,0.0,0.01,542675,0,0.0
0.98,0.0,0.02,734714,0,0.0
1.0,0.0,0.0,732009,0,0.0
0.0,0.0,1.0,733967,2,0.0
1.0,0.0,0.0,727725,0,0.0
1.0,0.0,0.0,579113,0,0.0
0.0,0.0,1.0,600273,2,0.0
0.0,0.0,1.0,635143,2,0.0
0.99,0.0,0.01,709062,0,0.0
0.02,0.0,0.98,729379,2,0.0
1.0,0.0,0.0,730402,0,0.0
1.0,0.0,0.0,641974,0,0.0
0.02,0.0,0.98,537256,2,0.0
0.0,0.0,1.0,731843,2,0.0
0.99,0.0,0.01,642788,0,0.0
0.95,0.0,0.05,721362,0,0.0
0.04,0.0,0.96,729017,2,0.0
0.99,0.0,0.01,610135,0,0.0
0.0,0.0,1.0,709193,2,0.0
0.0,0.0,1.0,731008,2,0.0
0.0,0.0,1.0,731470,2,0.0
0.0,0.0,1.0,728988,2,0.0
0.0,0.0,1.0,726689,2,0.0
0.99,0.0,0.01,735780,0,0.0
0.0,0.0,1.0,726579,2,0.0
0.0,0.0,1.0,727127,2,0.0
0.0,0.0,1.0,563353,2,0.0
0.95,0.0,0.05,672334,0,0.0
0.98,0.0,0.02,554851,0,0.0
0.0,0.0,1.0,557023,2,0.0
1.0,0.0,0.0,572201,0,0.0
0.97,0.0,0.03,568730,0,0.0
0.01,0.0,0.99,722075,2,0.0
0.0,0.0,1.0,735461,2,0.0
0.0,0.0,1.0,734374,2,0.0
1.0,0.0,0.0,725855,0,0.0
1.0,0.0,0.0,690438,0,0.0
0.0,0.0,1.0,581912,2,0.0
1.0,0.0,0.0,733015,0,0.0
1.0,0.0,0.0,600557,0,0.0
0.93,0.0,0.07,545751,0,0.0
0.0,0.0,1.0,732554,2,0.0
0.03,0.0,0.97,611687,2,0.0
0.01,0.0,0.99,734172,2,0.0
0.0,0.0,1.0,730403,2,0.0
0.0,0.0,1.0,711240,2,0.0
1.0,0.0,0.0,733311,0,0.0
1.0,0.0,0.0,575249,0,0.0
0.0,0.0,1.0,590625,2,0.0
0.99,0.0,0.01,725958,0,0.0
1.0,0.0,0.0,730805,0,0.0
0.98,0.0,0.02,719566,0,0.0
0.99,0.0,0.01,734803,0,0.0
0.0,0.0,1.0,600835,2,0.0
0.01,0.0,0.99,627297,2,0.0
0.96,0.0,0.04,651255,0,0.0
0.99,0.0,0.01,708458,0,0.0
1.0,0.0,0.0,613777,0,0.0
0.0,0.0,1.0,723437,2,0.0
0.99,0.0,0.01,653419,0,0.0
0.99,0.0,0.01,534062,0,0.0
0.0,0.0,1.0,686422,2,0.0
0.0,0.0,1.0,544779,2,0.0
0.0,0.0,1.0,733177,2,0.0
0.96,0.0,0.04,649951,0,0.0
0.98,0.0,0.02,537282,0,0.0
0.01,0.0,0.99,709343,2,0.0
0.98,0.0,0.02,711510,0,0.0
0.0,0.0,1.0,734918,2,0.0
0.99,0.0,0.01,552588,0,0.0
0.0,0.0,1.0,736345,2,0.0
0.99,0.0,0.01,610947,0,0.0
0.01,0.0,0.99,720937,2,0.0
1.0,0.0,0.0,720290,0,0.0
0.98,0.0,0.02,733857,0,0.0
0.02,0.0,0.98,533856,2,0.0
1.0,0.0,0.0,716676,0,0.0
0.0,0.0,1.0,734818,2,0.0
1.0,0.0,0.0,608152,0,0.0
0.01,0.0,0.99,733629,2,0.0
0.97,0.0,0.03,716723,0,0.0
0.98,0.0,0.02,555615,0,0.0
0.99,0.0,0.01,525801,0,0.0
0.02,0.0,0.98,731536,2,0.0
1.0,0.0,0.0,731864,0,0.0
0.02,0.0,0.98,564759,2,0.0
0.0,0.0,1.0,732911,2,0.0
1.0,0.0,0.0,716643,0,0.0
1.0,0.0,0.0,723435,0,0.0
1.0,0.0,0.0,517405,0,0.0
0.98,0.0,0.02,558902,0,0.0
0.0,0.0,1.0,726568,2,0.0
1.0,0.0,0.0,729343,0,0.0
0.0,0.0,1.0,544946,2,0.0
0.99,0.0,0.01,517649,0,0.0
0.0,0.0,1.0,539322,2,0.0
1.0,0.0,0.0,578691,0,0.0
0.97,0.0,0.03,577100,0,0.0
0.98,0.0,0.02,722272,0,0.0
0.0,0.0,1.0,730615,2,0.0
1.0,0.0,0.0,716598,0,0.0
0.98,0.0,0.02,560467,0,0.0
0.97,0.0,0.03,727422,0,0.0
1.0,0.0,0.0,556441,0,0.0
0.0,0.0,1.0,582894,2,0.0
1.0,0.0,0.0,735591,0,0.0
0.02,0.0,0.98,621860,2,0.0
0.0,0.0,1.0,733179,2,0.0
0.0,0.0,1.0,727252,2,0.0
1.0,0.0,0.0,556297,0,0.0
0.01,0.0,0.99,523046,2,0.0
0.99,0.0,0.01,598617,0,0.0
1.0,0.0,0.0,731195,0,0.0
0.99,0.0,0.01,723017,0,0.0
1.0,0.0,0.0,704025,0,0.0
1.0,0.0,0.0,727790,0,0.0
0.99,0.0,0.01,564754,0,0.0
0.0,0.0,1.0,725922,2,0.0
1.0,0.0,0.0,595846,0,0.0
0.01,0.0,0.99,727393,2,0.0
0.97,0.0,0.03,660198,0,0.0
0.98,0.0,0.02,602254,0,0.0
0.99,0.0,0.01,708298,0,0.0
1.0,0.0,0.0,733833,0,0.0
0.0,0.0,1.0,635756,2,0.0
0.0,0.0,1.0,713893,2,0.0
1.0,0.0,0.0,730786,0,0.0
1.0,0.0,0.0,734274,0,0.0
1.0,0.0,0.0,727744,0,0.0
0.99,0.0,0.01,732868,0,0.0
0.97,0.0,0.03,716371,0,0.0
0.99,0.0,0.01,732437,0,0.0
1.0,0.0,0.0,723031,0,0.0
0.02,0.0,0.98,736088,2,0.0
0.96,0.0,0.04,734921,0,0.0
1.0,0.0,0.0,658835,0,0.0
0.0,0.0,1.0,579582,2,0.0
0.0,0.0,1.0,733178,2,0.0
1.0,0.0,0.0,721482,0,0.0
1.0,0.0,0.0,734907,0,0.0
0.0,0.0,1.0,733225,2,0.0
0.01,0.0,0.99,569417,2,0.0
0.0,0.0,1.0,723450,2,0.0
0.0,0.0,1.0,729760,2,0.0
0.97,0.0,0.03,728984,0,0.0
0.95,0.0,0.05,642166,0,0.0
1.0,0.0,0.0,733798,0,0.0
0.0,0.0,1.0,728971,2,0.0
1.0,0.0,0.0,733283,0,0.0
1.0,0.0,0.0,707254,0,0.0
0.0,0.0,1.0,731029,2,0.0
0.01,0.0,0.99,614660,2,0.0
0.01,0.0,0.99,628909,2,0.0
0.0,0.0,1.0,600610,2,0.0
0.0,0.0,1.0,634793,2,0.0
1.0,0.0,0.0,550180,0,0.0
0.0,0.0,1.0,731656,2,0.0
1.0,0.0,0.0,584717,0,0.0
0.0,0.0,1.0,727470,2,0.0
0.0,0.0,1.0,714097,2,0.0
0.99,0.0,0.01,517966,0,0.0
0.94,0.0,0.06,684829,0,0.0
0.94,0.0,0.06,716313,0,0.0
0.99,0.0,0.01,726647,0,0.0
0.97,0.0,0.03,580241,0,0.0
0.93,0.0,0.07,731168,0,0.0
0.02,0.0,0.98,623472,2,0.0
0.98,0.0,0.02,564962,0,0.0
0.0,0.0,1.0,723050,2,0.0
0.99,0.0,0.01,714611,0,0.0
0.0,0.0,1.0,594477,2,0.0
0.94,0.0,0.06,531711,0,0.0
1.0,0.0,0.0,721264,0,0.0
0.98,0.0,0.02,710666,0,0.0
1.0,0.0,0.0,726550,0,0.0
0.01,0.0,0.99,604407,2,0.0
0.0,0.0,1.0,547384,2,0.0
0.0,0.0,1.0,719761,2,0.0
1.0,0.0,0.0,716426,0,0.0
0.0,0.0,1.0,626863,2,0.0
0.0,0.0,1.0,733399,2,0.0
0.0,0.0,1.0,733635,2,0.0
0.01,0.0,0.99,734379,2,0.0
0.0,0.0,1.0,723142,2,0.0
0.03,0.0,0.97,728892,2,0.0
0.0,0.0,1.0,574732,2,0.0
0.0,0.0,1.0,714794,2,0.0
0.0,0.0,1.0,541720,2,0.0
0.0,0.0,1.0,576801,2,0.0
0.01,0.0,0.99,597235,2,0.0
0.87,0.0,0.13,534894,0,0.0
1.0,0.0,0.0,733082,0,0.0
1.0,0.0,0.0,719990,0,0.0
1.0,0.0,0.0,723241,0,0.0
0.99,0.0,0.01,716362,0,0.0
0.02,0.0,0.98,731527,2,0.0
0.99,0.0,0.01,734538,0,0.0
1.0,0.0,0.0,606483,0,0.0
0.98,0.0,0.02,735433,0,0.0
0.01,0.0,0.99,696912,2,0.0
0.97,0.0,0.03,725932,0,0.0
0.99,0.0,0.01,732826,0,0.0
0.0,0.0,1.0,717744,2,0.0
0.02,0.0,0.98,539497,2,0.0
0.02,0.0,0.98,555524,2,0.0
1.0,0.0,0.0,605195,0,0.0
0.99,0.0,0.01,534273,0,0.0
0.0,0.0,1.0,730365,2,0.0
0.94,0.0,0.06,726571,0,0.0
1.0,0.0,0.0,579167,0,0.0
0.0,0.0,1.0,731983,2,0.0
0.98,0.0,0.02,726986,0,0.0
0.0,0.0,1.0,711144,2,0.0
0.97,0.0,0.03,720211,0,0.0
0.0,0.0,1.0,733247,2,0.0
0.03,0.0,0.97,734167,2,0.0
0.0,0.0,1.0,592720,2,0.0
0.97,0.0,0.03,628844,0,0.0
0.0,0.0,1.0,727622,2,0.0
1.0,0.0,0.0,517199,0,0.0
0.04,0.0,0.96,634420,2,0.0
0.98,0.0,0.02,730900,0,0.0
0.01,0.0,0.99,592062,2,0.0
0.0,0.0,1.0,734745,2,0.0
0.0,0.0,1.0,731176,2,0.0
0.0,0.0,1.0,625443,2,0.0
0.98,0.0,0.02,616206,0,0.0
0.0,0.0,1.0,721053,2,0.0
0.0,0.0,1.0,721461,2,0.0
0.0,0.0,1.0,729848,2,0.0
0.04,0.0,0.96,543363,2,0.0
0.0,0.0,1.0,734540,2,0.0
0.0,0.0,1.0,716449,2,0.0
0.0,0.0,1.0,594753,2,0.0
0.99,0.0,0.01,529027,0,0.0
0.98,0.0,0.02,722596,0,0.0
1.0,0.0,0.0,732425,0,0.0
0.0,0.0,1.0,732050,2,0.0
0.04,0.0,0.96,611666,2,0.0
0.98,0.0,0.02,597176,0,0.0
0.0,0.0,1.0,565498,2,0.0
1.0,0.0,0.0,733994,0,0.0
1.0,0.0,0.0,719609,0,0.0
1.0,0.0,0.0,587417,0,0.0
0.0,0.0,1.0,726871,2,0.0
0.03,0.0,0.97,551229,2,0.0
0.0,0.0,1.0,683929,2,0.0
0.04,0.0,0.96,521559,2,0.0
0.97,0.0,0.03,731703,0,0.0
0.99,0.0,0.01,651389,0,0.0
1.0,0.0,0.0,517874,0,0.0
0.98,0.0,0.02,602503,0,0.0
0.97,0.0,0.03,559761,0,0.0
1.0,0.0,0.0,730689,0,0.0
0.0,0.0,1.0,583975,2,0.0
0.0,0.0,1.0,734033,2,0.0
0.99,0.0,0.01,730082,0,0.0
1.0,0.0,0.0,587456,0,0.0
1.0,0.0,0.0,734759,0,0.0
1.0,0.0,0.0,727427,0,0.0
0.01,0.0,0.99,723379,2,0.0
0.0,0.0,1.0,665690,2,0.0
0.02,0.0,0.98,532570,2,0.0
1.0,0.0,0.0,703712,0,0.0
0.0,0.0,1.0,734258,2,0.0
0.98,0.0,0.02,719463,0,0.0
1.0,0.0,0.0,573669,0,0.0
0.09,0.0,0.91,569826,2,0.0
0.97,0.0,0.03,732124,0,0.0
0.0,0.0,1.0,535735,2,0.0
0.01,0.0,0.99,731361,2,0.0
1.0,0.0,0.0,685569,0,0.0
0.96,0.0,0.04,685069,0,0.0
0.98,0.0,0.02,730908,0,0.0
0.01,0.0,0.99,731210,2,0.0
0.02,0.0,0.98,728943,2,0.0
1.0,0.0,0.0,611553,0,0.0
0.99,0.0,0.01,721744,0,0.0
0.0,0.0,1.0,727188,2,0.0
0.99,0.0,0.01,732555,0,0.0
0.01,0.0,0.99,678983,2,0.0
0.01,0.0,0.99,730807,2,0.0
0.01,0.0,0.99,617834,2,0.0
0.04,0.0,0.96,731483,2,0.0
0.97,0.0,0.03,727289,0,0.0
0.98,0.0,0.02,720189,0,0.0
1.0,0.0,0.0,727016,0,0.0
0.0,0.0,1.0,550699,2,0.0
0.97,0.0,0.03,523721,0,0.0
0.0,0.0,1.0,733061,2,0.0
0.0,0.0,1.0,731626,2,0.0
0.03,0.0,0.97,719565,2,0.0
1.0,0.0,0.0,530254,0,0.0
0.96,0.0,0.04,583351,0,0.0
0.0,0.0,1.0,629322,2,0.0
1.0,0.0,0.0,731493,0,0.0
1.0,0.0,0.0,572065,0,0.0
1.0,0.0,0.0,719899,0,0.0
0.01,0.0,0.99,733864,2,0.0
1.0,0.0,0.0,526279,0,0.0
0.0,0.0,1.0,719888,2,0.0
1.0,0.0,0.0,703266,0,0.0
1.0,0.0,0.0,716396,0,0.0
1.0,0.0,0.0,655200,0,0.0
0.0,0.0,1.0,554358,2,0.0
0.97,0.0,0.03,730435,0,0.0
0.0,0.0,1.0,732401,2,0.0
0.99,0.0,0.01,571145,0,0.0
0.99,0.0,0.01,727829,0,0.0
0.0,0.0,1.0,622735,2,0.0
1.0,0.0,0.0,558824,0,0.0
1.0,0.0,0.0,721446,0,0.0
0.99,0.0,0.01,734129,0,0.0
0.0,0.0,1.0,604327,2,0.0
0.02,0.0,0.98,723330,2,0.0
1.0,0.0,0.0,680830,0,0.0
0.02,0.0,0.98,536438,2,0.0
0.0,0.0,1.0,735383,2,0.0
0.0,0.0,1.0,736229,2,0.0
0.02,0.0,0.98,720140,2,0.0
0.01,0.0,0.99,729792,2,0.0
0.0,0.0,1.0,626616,2,0.0
1.0,0.0,0.0,733297,0,0.0
0.01,0.0,0.99,727751,2,0.0
1.0,0.0,0.0,567998,0,0.0
0.98,0.0,0.02,724672,0,0.0
0.0,0.0,1.0,543694,2,0.0
0.97,0.0,0.03,736067,0,0.0
0.98,0.0,0.02,736082,0,0.0
0.96,0.0,0.04,575966,0,0.0
0.0,0.0,1.0,732917,2,0.0
0.0,0.0,1.0,726526,2,0.0
0.0,0.0,1.0,732809,2,0.0
1.0,0.0,0.0,690222,0,0.0
0.0,0.0,1.0,722294,2,0.0
0.01,0.0,0.99,714658,2,0.0
0.0,0.0,1.0,597709,2,0.0
0.0,0.0,1.0,729564,2,0.0
1.0,0.0,0.0,727283,0,0.0
0.0,0.0,1.0,731347,2,0.0
0.95,0.0,0.05,555520,0,0.0
0.96,0.0,0.04,734733,0,0.0
0.99,0.0,0.01,736203,0,0.0
1.0,0.0,0.0,723208,0,0.0
0.0,0.0,1.0,730787,2,0.0
1.0,0.0,0.0,599386,0,0.0
0.01,0.0,0.99,712787,2,0.0
0.03,0.0,0.97,718061,2,0.0
0.93,0.0,0.07,680084,0,0.0
1.0,0.0,0.0,727019,0,0.0
0.02,0.0,0.98,726933,2,0.0
0.0,0.0,1.0,731180,2,0.0
0.0,0.0,1.0,546021,2,0.0
0.98,0.0,0.02,539323,0,0.0
1.0,0.0,0.0,541852,0,0.0
0.0,0.0,1.0,722428,2,0.0
0.0,0.0,1.0,601724,2,0.0
0.01,0.0,0.99,732687,2,0.0
1.0,0.0,0.0,726204,0,0.0
0.01,0.0,0.99,732877,2,0.0
0.95,0.0,0.05,709516,0,0.0
0.05,0.0,0.95,535112,2,0.0
0.97,0.0,0.03,695533,0,0.0
0.97,0.0,0.03,723498,0,0.0
1.0,0.0,0.0,734355,0,0.0
1.0,0.0,0.0,590570,0,0.0
0.93,0.0,0.07,702583,0,0.0
0.0,0.0,1.0,735522,2,0.0
1.0,0.0,0.0,709626,0,0.0
0.0,0.0,1.0,537041,2,0.0
0.0,0.0,1.0,660928,2,0.0
0.01,0.0,0.99,719317,2,0.0
1.0,0.0,0.0,733694,0,0.0
1.0,0.0,0.0,631503,0,0.0
1.0,0.0,0.0,727663,0,0.0
0.0,0.0,1.0,716537,2,0.0
0.0,0.0,1.0,721310,2,0.0
1.0,0.0,0.0,726194,0,0.0
0.97,0.0,0.03,609078,0,0.0
1.0,0.0,0.0,733396,0,0.0
0.0,0.0,1.0,549119,2,0.0
0.99,0.0,0.01,532667,0,0.0
0.0,0.0,1.0,555267,2,0.0
1.0,0.0,0.0,734183,0,0.0
0.0,0.0,1.0,729400,2,0.0
0.99,0.0,0.01,721806,0,0.0
1.0,0.0,0.0,723033,0,0.0
1.0,0.0,0.0,720060,0,0.0
0.98,0.0,0.02,723224,0,0.0
0.0,0.0,1.0,588746,2,0.0
1.0,0.0,0.0,524608,0,0.0
0.93,0.0,0.07,593994,0,0.0
1.0,0.0,0.0,722858,0,0.0
0.0,0.0,1.0,727764,2,0.0
0.06,0.0,0.94,727064,2,0.0
0.0,0.0,1.0,721173,2,0.0
1.0,0.0,0.0,734057,0,0.0
1.0,0.0,0.0,727110,0,0.0
0.96,0.0,0.04,683297,0,0.0
0.98,0.0,0.02,620482,0,0.0
0.01,0.0,0.99,708634,2,0.0
1.0,0.0,0.0,720210,0,0.0
0.0,0.0,1.0,571349,2,0.0
0.98,0.0,0.02,729037,0,0.0
0.0,0.0,1.0,710426,2,0.0
1.0,0.0,0.0,732591,0,0.0
0.0,0.0,1.0,720895,2,0.0
0.01,0.0,0.99,552476,2,0.0
0.0,0.0,1.0,578164,2,0.0
0.98,0.0,0.02,729209,0,0.0
0.83,0.0,0.17,528533,0,0.0
0.01,0.0,0.99,705116,2,0.0
1.0,0.0,0.0,722069,0,0.0
0.01,0.0,0.99,727625,2,0.0
1.0,0.0,0.0,723281,0,0.0
1.0,0.0,0.0,721073,0,0.0
0.0,0.0,1.0,528139,2,0.0
0.95,0.0,0.05,727468,0,0.0
0.0,0.0,1.0,735222,2,0.0
0.99,0.0,0.01,536579,0,0.0
1.0,0.0,0.0,557840,0,0.0
1.0,0.0,0.0,730117,0,0.0
1.0,0.0,0.0,604604,0,0.0
0.96,0.0,0.04,725995,0,0.0
0.1,0.0,0.9,519990,2,0.0
0.0,0.0,1.0,557170,2,0.0
0.0,0.0,1.0,730585,2,0.0
1.0,0.0,0.0,702571,0,0.0
0.01,0.0,0.99,656101,2,0.0
0.99,0.0,0.01,728888,0,0.0
0.0,0.0,1.0,723372,2,0.0
0.97,0.0,0.03,719737,0,0.0
0.0,0.0,1.0,609486,2,0.0
0.96,0.0,0.04,610150,0,0.0
0.06,0.0,0.94,723495,2,0.0
